{"meta": {"format": 3, "version": "7.9.2", "timestamp": "2025-11-08T18:29:46.922649", "branch_coverage": false, "show_contexts": false}, "files": {"src/backend/base/langbuilder/services/database/models/flow/model.py": {"executed_lines": [3, 4, 5, 6, 7, 9, 10, 11, 12, 13, 19, 20, 21, 23, 25, 30, 33, 34, 35, 38, 40, 42, 43, 44, 45, 46, 47, 48, 49, 50, 51, 52, 53, 54, 55, 58, 63, 76, 77, 78, 93, 94, 95, 110, 111, 112, 150, 151, 152, 170, 171, 181, 182, 183, 192, 193, 194, 195, 196, 197, 198, 199, 200, 201, 202, 203, 211, 222, 228, 229, 230, 231, 234, 235, 236, 237, 238, 241, 242, 244, 245, 246, 250, 251, 252, 253, 254, 255, 256, 257, 258, 260, 261, 262, 268, 269, 270, 271, 272, 273, 274, 275, 276, 277, 278, 279, 281, 282, 283], "summary": {"covered_lines": 108, "num_statements": 185, "percent_covered": 58.37837837837838, "percent_covered_display": "58", "missing_lines": 77, "excluded_lines": 0}, "missing_lines": [26, 27, 28, 80, 81, 82, 86, 87, 91, 96, 97, 98, 100, 101, 102, 105, 106, 107, 108, 116, 117, 121, 122, 123, 126, 127, 129, 130, 131, 132, 134, 136, 138, 139, 140, 142, 143, 144, 145, 146, 147, 148, 153, 154, 155, 156, 157, 160, 161, 162, 163, 164, 165, 167, 172, 175, 176, 177, 178, 179, 184, 185, 186, 187, 189, 212, 213, 220, 263, 264, 265, 285, 286, 287, 291, 292, 296], "excluded_lines": [], "functions": {"FlowBase.validate_endpoint_name": {"executed_lines": [], "summary": {"covered_lines": 0, "num_statements": 6, "percent_covered": 0.0, "percent_covered_display": "0", "missing_lines": 6, "excluded_lines": 0}, "missing_lines": [80, 81, 82, 86, 87, 91], "excluded_lines": []}, "FlowBase.validate_icon_bg_color": {"executed_lines": [], "summary": {"covered_lines": 0, "num_statements": 10, "percent_covered": 0.0, "percent_covered_display": "0", "missing_lines": 10, "excluded_lines": 0}, "missing_lines": [96, 97, 98, 100, 101, 102, 105, 106, 107, 108], "excluded_lines": []}, "FlowBase.validate_icon_atr": {"executed_lines": [], "summary": {"covered_lines": 0, "num_statements": 23, "percent_covered": 0.0, "percent_covered_display": "0", "missing_lines": 23, "excluded_lines": 0}, "missing_lines": [116, 117, 121, 122, 123, 126, 127, 129, 130, 131, 132, 134, 136, 138, 139, 140, 142, 143, 144, 145, 146, 147, 148], "excluded_lines": []}, "FlowBase.validate_json": {"executed_lines": [], "summary": {"covered_lines": 0, "num_statements": 12, "percent_covered": 0.0, "percent_covered_display": "0", "missing_lines": 12, "excluded_lines": 0}, "missing_lines": [153, 154, 155, 156, 157, 160, 161, 162, 163, 164, 165, 167], "excluded_lines": []}, "FlowBase.serialize_datetime": {"executed_lines": [], "summary": {"covered_lines": 0, "num_statements": 6, "percent_covered": 0.0, "percent_covered_display": "0", "missing_lines": 6, "excluded_lines": 0}, "missing_lines": [172, 175, 176, 177, 178, 179], "excluded_lines": []}, "FlowBase.validate_dt": {"executed_lines": [], "summary": {"covered_lines": 0, "num_statements": 5, "percent_covered": 0.0, "percent_covered_display": "0", "missing_lines": 5, "excluded_lines": 0}, "missing_lines": [184, 185, 186, 187, 189], "excluded_lines": []}, "Flow.to_data": {"executed_lines": [], "summary": {"covered_lines": 0, "num_statements": 3, "percent_covered": 0.0, "percent_covered_display": "0", "missing_lines": 3, "excluded_lines": 0}, "missing_lines": [212, 213, 220], "excluded_lines": []}, "FlowHeader.validate_flow_header": {"executed_lines": [], "summary": {"covered_lines": 0, "num_statements": 3, "percent_covered": 0.0, "percent_covered_display": "0", "missing_lines": 3, "excluded_lines": 0}, "missing_lines": [263, 264, 265], "excluded_lines": []}, "FlowUpdate.validate_endpoint_name": {"executed_lines": [], "summary": {"covered_lines": 0, "num_statements": 6, "percent_covered": 0.0, "percent_covered_display": "0", "missing_lines": 6, "excluded_lines": 0}, "missing_lines": [285, 286, 287, 291, 292, 296], "excluded_lines": []}, "": {"executed_lines": [3, 4, 5, 6, 7, 9, 10, 11, 12, 13, 19, 20, 21, 23, 25, 30, 33, 34, 35, 38, 40, 42, 43, 44, 45, 46, 47, 48, 49, 50, 51, 52, 53, 54, 55, 58, 63, 76, 77, 78, 93, 94, 95, 110, 111, 112, 150, 151, 152, 170, 171, 181, 182, 183, 192, 193, 194, 195, 196, 197, 198, 199, 200, 201, 202, 203, 211, 222, 228, 229, 230, 231, 234, 235, 236, 237, 238, 241, 242, 244, 245, 246, 250, 251, 252, 253, 254, 255, 256, 257, 258, 260, 261, 262, 268, 269, 270, 271, 272, 273, 274, 275, 276, 277, 278, 279, 281, 282, 283], "summary": {"covered_lines": 108, "num_statements": 111, "percent_covered": 97.29729729729729, "percent_covered_display": "97", "missing_lines": 3, "excluded_lines": 0}, "missing_lines": [26, 27, 28], "excluded_lines": []}}, "classes": {"AccessTypeEnum": {"executed_lines": [], "summary": {"covered_lines": 0, "num_statements": 0, "percent_covered": 100.0, "percent_covered_display": "100", "missing_lines": 0, "excluded_lines": 0}, "missing_lines": [], "excluded_lines": []}, "FlowBase": {"executed_lines": [], "summary": {"covered_lines": 0, "num_statements": 62, "percent_covered": 0.0, "percent_covered_display": "0", "missing_lines": 62, "excluded_lines": 0}, "missing_lines": [80, 81, 82, 86, 87, 91, 96, 97, 98, 100, 101, 102, 105, 106, 107, 108, 116, 117, 121, 122, 123, 126, 127, 129, 130, 131, 132, 134, 136, 138, 139, 140, 142, 143, 144, 145, 146, 147, 148, 153, 154, 155, 156, 157, 160, 161, 162, 163, 164, 165, 167, 172, 175, 176, 177, 178, 179, 184, 185, 186, 187, 189], "excluded_lines": []}, "Flow": {"executed_lines": [], "summary": {"covered_lines": 0, "num_statements": 3, "percent_covered": 0.0, "percent_covered_display": "0", "missing_lines": 3, "excluded_lines": 0}, "missing_lines": [212, 213, 220], "excluded_lines": []}, "FlowCreate": {"executed_lines": [], "summary": {"covered_lines": 0, "num_statements": 0, "percent_covered": 100.0, "percent_covered_display": "100", "missing_lines": 0, "excluded_lines": 0}, "missing_lines": [], "excluded_lines": []}, "FlowRead": {"executed_lines": [], "summary": {"covered_lines": 0, "num_statements": 0, "percent_covered": 100.0, "percent_covered_display": "100", "missing_lines": 0, "excluded_lines": 0}, "missing_lines": [], "excluded_lines": []}, "FlowHeader": {"executed_lines": [], "summary": {"covered_lines": 0, "num_statements": 3, "percent_covered": 0.0, "percent_covered_display": "0", "missing_lines": 3, "excluded_lines": 0}, "missing_lines": [263, 264, 265], "excluded_lines": []}, "FlowUpdate": {"executed_lines": [], "summary": {"covered_lines": 0, "num_statements": 6, "percent_covered": 0.0, "percent_covered_display": "0", "missing_lines": 6, "excluded_lines": 0}, "missing_lines": [285, 286, 287, 291, 292, 296], "excluded_lines": []}, "": {"executed_lines": [3, 4, 5, 6, 7, 9, 10, 11, 12, 13, 19, 20, 21, 23, 25, 30, 33, 34, 35, 38, 40, 42, 43, 44, 45, 46, 47, 48, 49, 50, 51, 52, 53, 54, 55, 58, 63, 76, 77, 78, 93, 94, 95, 110, 111, 112, 150, 151, 152, 170, 171, 181, 182, 183, 192, 193, 194, 195, 196, 197, 198, 199, 200, 201, 202, 203, 211, 222, 228, 229, 230, 231, 234, 235, 236, 237, 238, 241, 242, 244, 245, 246, 250, 251, 252, 253, 254, 255, 256, 257, 258, 260, 261, 262, 268, 269, 270, 271, 272, 273, 274, 275, 276, 277, 278, 279, 281, 282, 283], "summary": {"covered_lines": 108, "num_statements": 111, "percent_covered": 97.29729729729729, "percent_covered_display": "97", "missing_lines": 3, "excluded_lines": 0}, "missing_lines": [26, 27, 28], "excluded_lines": []}}}, "src/backend/base/langbuilder/services/database/models/flow/schema.py": {"executed_lines": [], "summary": {"covered_lines": 0, "num_statements": 4, "percent_covered": 0.0, "percent_covered_display": "0", "missing_lines": 4, "excluded_lines": 0}, "missing_lines": [1, 4, 5, 6], "excluded_lines": [], "functions": {"": {"executed_lines": [], "summary": {"covered_lines": 0, "num_statements": 4, "percent_covered": 0.0, "percent_covered_display": "0", "missing_lines": 4, "excluded_lines": 0}, "missing_lines": [1, 4, 5, 6], "excluded_lines": []}}, "classes": {"Tags": {"executed_lines": [],