{"meta": {"format": 3, "version": "7.9.2", "timestamp": "2025-11-10T23:31:23.113310", "branch_coverage": false, "show_contexts": false}, "files": {"src/backend/base/langbuilder/services/rbac/service.py": {"executed_lines": [1, 3, 5, 7, 8, 9, 11, 12, 13, 14, 15, 16, 17, 18, 19, 23, 24, 34, 40, 41, 43, 45, 93, 116, 164, 195, 227, 228, 232, 233, 237, 248, 249, 252, 253, 254, 255, 259, 260, 268, 269, 273, 282, 283, 284, 287, 302, 304, 319, 321, 324, 328, 329, 330, 331, 333, 334, 337, 349, 370, 372, 375, 378, 379, 383, 385, 386, 387, 390, 404, 406, 432], "summary": {"covered_lines": 70, "num_statements": 137, "percent_covered": 51.09489051094891, "percent_covered_display": "51", "missing_lines": 67, "excluded_lines": 0}, "missing_lines": [35, 37, 76, 77, 78, 81, 82, 85, 87, 88, 91, 103, 113, 114, 137, 147, 148, 150, 151, 154, 155, 156, 157, 159, 160, 162, 182, 192, 193, 229, 234, 238, 239, 240, 241, 242, 243, 244, 245, 246, 247, 250, 251, 256, 257, 258, 261, 262, 264, 265, 270, 322, 325, 373, 376, 380, 420, 421, 427, 429, 430, 450, 452, 453, 455, 464, 465], "excluded_lines": [], "functions": {"RBACService.can_access": {"executed_lines": [], "summary": {"covered_lines": 0, "num_statements": 9, "percent_covered": 0.0, "percent_covered_display": "0", "missing_lines": 9, "excluded_lines": 0}, "missing_lines": [76, 77, 78, 81, 82, 85, 87, 88, 91], "excluded_lines": []}, "RBACService._has_global_admin_role": {"executed_lines": [], "summary": {"covered_lines": 0, "num_statements": 3, "percent_covered": 0.0, "percent_covered_display": "0", "missing_lines": 3, "excluded_lines": 0}, "missing_lines": [103, 113, 114], "excluded_lines": []}, "RBACService._get_user_role_for_scope": {"executed_lines": [], "summary": {"covered_lines": 0, "num_statements": 12, "percent_covered": 0.0, "percent_covered_display": "0", "missing_lines": 12, "excluded_lines": 0}, "missing_lines": [137, 147, 148, 150, 151, 154, 155, 156, 157, 159, 160, 162], "excluded_lines": []}, "RBACService._role_has_permission": {"executed_lines": [], "summary": {"covered_lines": 0, "num_statements": 3, "percent_covered": 0.0, "percent_covered_display": "0", "missing_lines": 3, "excluded_lines": 0}, "missing_lines": [182, 192, 193], "excluded_lines": []}, "RBACService.assign_role": {"executed_lines": [227, 228, 232, 233, 237, 248, 249, 252, 253, 254, 255, 259, 260, 268, 269, 273, 282, 283, 284, 287, 302], "summary": {"covered_lines": 21, "num_statements": 43, "percent_covered": 48.83720930232558, "percent_covered_display": "49", "missing_lines": 22, "excluded_lines": 0}, "missing_lines": [229, 234, 238, 239, 240, 241, 242, 243, 244, 245, 246, 247, 250, 251, 256, 257, 258, 261, 262, 264, 265, 270], "excluded_lines": []}, "RBACService.remove_role": {"executed_lines": [319, 321, 324, 328, 329, 330, 331, 333, 334, 337], "summary": {"covered_lines": 10, "num_statements": 12, "percent_covered": 83.33333333333333, "percent_covered_display": "83", "missing_lines": 2, "excluded_lines": 0}, "missing_lines": [322, 325], "excluded_lines": []}, "RBACService.update_role": {"executed_lines": [370, 372, 375, 378, 379, 383, 385, 386, 387, 390, 404], "summary": {"covered_lines": 11, "num_statements": 14, "percent_covered": 78.57142857142857, "percent_covered_display": "79", "missing_lines": 3, "excluded_lines": 0}, "missing_lines": [373, 376, 380], "excluded_lines": []}, "RBACService.list_user_assignments": {"executed_lines": [], "summary": {"covered_lines": 0, "num_statements": 5, "percent_covered": 0.0, "percent_covered_display": "0", "missing_lines": 5, "excluded_lines": 0}, "missing_lines": [420, 421, 427, 429, 430], "excluded_lines": []}, "RBACService.get_user_permissions_for_scope": {"executed_lines": [], "summary": {"covered_lines": 0, "num_statements": 6, "percent_covered": 0.0, "percent_covered_display": "0", "missing_lines": 6, "excluded_lines": 0}, "missing_lines": [450, 452, 453, 455, 464, 465], "excluded_lines": []}, "": {"executed_lines": [1, 3, 5, 7, 8, 9, 11, 12, 13, 14, 15, 16, 17, 18, 19, 23, 24, 34, 40, 41, 43, 45, 93, 116, 164, 195, 304, 349, 406, 432], "summary": {"covered_lines": 28, "num_statements": 30, "percent_covered": 93.33333333333333, "percent_covered_display": "93", "missing_lines": 2, "excluded_lines": 0}, "missing_lines": [35, 37], "excluded_lines": []}}, "classes": {"RBACService": {"executed_lines": [227, 228, 232, 233, 237, 248, 249, 252, 253, 254, 255, 259, 260, 268, 269, 273, 282, 283, 284, 287, 302, 319, 321, 324, 328, 329, 330, 331, 333, 334, 337, 370, 372, 375, 378, 379, 383, 385, 386, 387, 390, 404], "summary": {"covered_lines": 42, "num_statements": 107, "percent_covered": 39.25233644859813, "percent_covered_display": "39", "missing_lines": 65, "excluded_lines": 0}, "missing_lines": [76, 77, 78, 81, 82, 85, 87, 88, 91, 103, 113, 114, 137, 147, 148, 150, 151, 154, 155, 156, 157, 159, 160, 162, 182, 192, 193, 229, 234, 238, 239, 240, 241, 242, 243, 244, 245, 246, 247, 250, 251, 256, 257, 258, 261, 262, 264, 265, 270, 322, 325, 373, 376, 380, 420, 421, 427, 429, 430, 450, 452, 453, 455, 464, 465], "excluded_lines": []}, "": {"executed_lines": [1, 3, 5, 7, 8, 9, 11, 12, 13, 14, 15, 16, 17, 18, 19, 23, 24, 34, 40, 41, 43, 45, 93, 116, 164, 195, 304, 349, 406, 432], "summary": {"covered_lines": 28, "num_statements": 30, "percent_covered": 93.33333333333333, "percent_covered_display": "93", "missing_lines": 2, "excluded_lines": 0}, "missing_lines": [35, 37], "excluded_lines": []}}}}, "totals": {"covered_lines": 70, "num_statements": 137, "percent_covered": 51.09489051094891, "percent_covered_display": "51", "missing_lines": 67, "excluded_lines": 0}}