{"meta": {"format": 3, "version": "7.9.2", "timestamp": "2025-11-12T09:47:15.394186", "branch_coverage": false, "show_contexts": false}, "files": {"src/backend/base/langbuilder/services/rbac/service.py": {"executed_lines": [1, 3, 5, 7, 8, 9, 11, 12, 13, 14, 15, 16, 17, 18, 19, 23, 24, 34, 40, 41, 43, 45, 76, 77, 78, 81, 82, 85, 87, 88, 91, 93, 103, 113, 114, 116, 137, 147, 148, 150, 151, 154, 155, 156, 157, 159, 160, 162, 164, 182, 192, 193, 195, 227, 228, 229, 232, 233, 234, 237, 238, 239, 240, 241, 242, 243, 244, 245, 246, 247, 248, 249, 250, 251, 252, 253, 254, 255, 256, 257, 258, 259, 260, 261, 262, 264, 265, 268, 269, 270, 273, 282, 283, 284, 287, 302, 304, 319, 321, 322, 324, 325, 328, 329, 330, 331, 333, 334, 337, 349, 370, 372, 373, 375, 376, 378, 379, 380, 383, 385, 386, 387, 390, 404, 406, 420, 421, 427, 429, 430, 432, 450, 452, 453, 455, 464, 465], "summary": {"covered_lines": 135, "num_statements": 137, "percent_covered": 98.54014598540147, "percent_covered_display": "99", "missing_lines": 2, "excluded_lines": 0}, "missing_lines": [35, 37], "excluded_lines": [], "functions": {"RBACService.can_access": {"executed_lines": [76, 77, 78, 81, 82, 85, 87, 88, 91], "summary": {"covered_lines": 9, "num_statements": 9, "percent_covered": 100.0, "percent_covered_display": "100", "missing_lines": 0, "excluded_lines": 0}, "missing_lines": [], "excluded_lines": []}, "RBACService._has_global_admin_role": {"executed_lines": [103, 113, 114], "summary": {"covered_lines": 3, "num_statements": 3, "percent_covered": 100.0, "percent_covered_display": "100", "missing_lines": 0, "excluded_lines": 0}, "missing_lines": [], "excluded_lines": []}, "RBACService._get_user_role_for_scope": {"executed_lines": [137, 147, 148, 150, 151, 154, 155, 156, 157, 159, 160, 162], "summary": {"covered_lines": 12, "num_statements": 12, "percent_covered": 100.0, "percent_covered_display": "100", "missing_lines": 0, "excluded_lines": 0}, "missing_lines": [], "excluded_lines": []}, "RBACService._role_has_permission": {"executed_lines": [182, 192, 193], "summary": {"covered_lines": 3, "num_statements": 3, "percent_covered": 100.0, "percent_covered_display": "100", "missing_lines": 0, "excluded_lines": 0}, "missing_lines": [], "excluded_lines": []}, "RBACService.assign_role": {"executed_lines": [227, 228, 229, 232, 233, 234, 237, 238, 239, 240, 241, 242, 243, 244, 245, 246, 247, 248, 249, 250, 251, 252, 253, 254, 255, 256, 257, 258, 259, 260, 261, 262, 264, 265, 268, 269, 270, 273, 282, 283, 284, 287, 302], "summary": {"covered_lines": 43, "num_statements": 43, "percent_covered": 100.0, "percent_covered_display": "100", "missing_lines": 0, "excluded_lines": 0}, "missing_lines": [], "excluded_lines": []}, "RBACService.remove_role": {"executed_lines": [319, 321, 322, 324, 325, 328, 329, 330, 331, 333, 334, 337], "summary": {"covered_lines": 12, "num_statements": 12, "percent_covered": 100.0, "percent_covered_display": "100", "missing_lines": 0, "excluded_lines": 0}, "missing_lines": [], "excluded_lines": []}, "RBACService.update_role": {"executed_lines": [370, 372, 373, 375, 376, 378, 379, 380, 383, 385, 386, 387, 390, 404], "summary": {"covered_lines": 14, "num_statements": 14, "percent_covered": 100.0, "percent_covered_display": "100", "missing_lines": 0, "excluded_lines": 0}, "missing_lines": [], "excluded_lines": []}, "RBACService.list_user_assignments": {"executed_lines": [420, 421, 427, 429, 430], "summary": {"covered_lines": 5, "num_statements": 5, "percent_covered": 100.0, "percent_covered_display": "100", "missing_lines": 0, "excluded_lines": 0}, "missing_lines": [], "excluded_lines": []}, "RBACService.get_user_permissions_for_scope": {"executed_lines": [450, 452, 453, 455, 464, 465], "summary": {"covered_lines": 6, "num_statements": 6, "percent_covered": 100.0, "percent_covered_display": "100", "missing_lines": 0, "excluded_lines": 0}, "missing_lines": [], "excluded_lines": []}, "": {"executed_lines": [1, 3, 5, 7, 8, 9, 11, 12, 13, 14, 15, 16, 17, 18, 19, 23, 24, 34, 40, 41, 43, 45, 93, 116, 164, 195, 304, 349, 406, 432], "summary": {"covered_lines": 28, "num_statements": 30, "percent_covered": 93.33333333333333, "percent_covered_display": "93", "missing_lines": 2, "excluded_lines": 0}, "missing_lines": [35, 37], "excluded_lines": []}}, "classes": {"RBACService": {"executed_lines": [76, 77, 78, 81, 82, 85, 87, 88, 91, 103, 113, 114, 137, 147, 148, 150, 151, 154, 155, 156, 157, 159, 160, 162, 182, 192, 193, 227, 228, 229, 232, 233, 234, 237, 238, 239, 240, 241, 242, 243, 244, 245, 246, 247, 248, 249, 250, 251, 252, 253, 254, 255, 256, 257, 258, 259, 260, 261, 262, 264, 265, 268, 269, 270, 273, 282, 283, 284, 287, 302, 319, 321, 322, 324, 325, 328, 329, 330, 331, 333, 334, 337, 370, 372, 373, 375, 376, 378, 379, 380, 383, 385, 386, 387, 390, 404, 420, 421, 427, 429, 430, 450, 452, 453, 455, 464, 465], "summary": {"covered_lines": 107, "num_statements": 107, "percent_covered": 100.0, "percent_covered_display": "100", "missing_lines": 0, "excluded_lines": 0}, "missing_lines": [], "excluded_lines": []}, "": {"executed_lines": [1, 3, 5, 7, 8, 9, 11, 12, 13, 14, 15, 16, 17, 18, 19, 23, 24, 34, 40, 41, 43, 45, 93, 116, 164, 195, 304, 349, 406, 432], "summary": {"covered_lines": 28, "num_statements": 30, "percent_covered": 93.33333333333333, "percent_covered_display": "93", "missing_lines": 2, "excluded_lines": 0}, "missing_lines": [35, 37], "excluded_lines": []}}}}, "totals": {"covered_lines": 135, "num_statements": 137, "percent_covered": 98.54014598540147, "percent_covered_display": "99", "missing_lines": 2, "excluded_lines": 0}}